{"cameraMode":{"drawMode":0,"name":"Shaded","section":"Shading Mode"},"sceneLighting":true,"audioPlay":false,"sceneViewState":{"m_AlwaysRefresh":false,"showFog":true,"showSkybox":true,"showFlares":true,"showImageEffects":true,"showParticleSystems":true,"showVisualEffectGraphs":true,"m_FxEnabled":true},"in2DMode":false,"pivot":{"x":4.119960308074951,"y":-0.09304274618625641,"z":-0.5820034146308899},"rotation":{"x":-0.0024957170244306328,"y":-0.9864151477813721,"z":0.1645750254392624,"w":-0.017556309700012208},"size":14.136369705200196,"orthographic":false}