{"cameraMode":{"drawMode":0,"name":"Shaded","section":"Shading Mode"},"sceneLighting":false,"audioPlay":false,"sceneViewState":{"m_AlwaysRefresh":false,"showFog":false,"showSkybox":false,"showFlares":false,"showImageEffects":false,"showParticleSystems":false,"showVisualEffectGraphs":true,"m_FxEnabled":true},"in2DMode":false,"pivot":{"x":-0.34968891739845278,"y":-3.518588066101074,"z":-10.913285255432129},"rotation":{"x":0.001572235836647451,"y":-0.9744473695755005,"z":0.2248867005109787,"w":0.006405309308320284},"size":6.269447326660156,"orthographic":false}